{
  "showGettingStartedBanner": false,
  "hasMigratedDailyNoteSettings": true,
  "hasMigratedWeeklyNoteSettings": false,
  "daily": {
    "format": "DD-MM-YYYY [W]ww ",
    "folder": "Journaling/Revisions/daily",
    "template": "Templates/Revisions/Daily rev.md",
    "enabled": true
  },
  "weekly": {
    "format": "[W]ww of 52-YYYY",
    "template": "Templates/Revisions/Weekly rev.md",
    "folder": "Journaling/Revisions/weekly",
    "enabled": true
  },
  "monthly": {
    "format": "MM-YYYY",
    "template": "Templates/Revisions/Montly rev.md",
    "folder": "Journaling/Revisions/montly",
    "enabled": true
  },
  "quarterly": {
    "format": "",
    "template": "",
    "folder": "",
    "enabled": false
  },
  "yearly": {
    "format": "",
    "template": "Templates/Revisions/Yearly rev.md",
    "folder": "Journaling/Revisions/yearly",
    "enabled": true
  }
}