{
  "collapse-filter": true,
  "search": "path:-Other/Templates path:-Other/no-graph",
  "showTags": false,
  "showAttachments": false,
  "hideUnresolved": true,
  "showOrphans": true,
  "collapse-color-groups": true,
  "colorGroups": [
    {
      "query": "path:Other/Excalidraw",
      "color": {
        "a": 1,
        "rgb": 8708178
      }
    }
  ],
  "collapse-display": true,
  "showArrow": true,
  "textFadeMultiplier": -1.4,
  "nodeSizeMultiplier": 0.824032108675517,
  "lineSizeMultiplier": 0.785304106205619,
  "collapse-forces": false,
  "centerStrength": 0.649644952145724,
  "repelStrength": 12.5964803951837,
  "linkStrength": 1,
  "linkDistance": 30,
  "scale": 1.401982897776105,
  "close": false
}