{
  "app:toggle-right-sidebar": [
    {
      "modifiers": [
        "Alt"
      ],
      "key": "G"
    }
  ],
  "markdown:toggle-preview": [],
  "editor:toggle-spellcheck": [],
  "hotkeysplus-obsidian:duplicate-lines-up": [
    {
      "modifiers": [
        "Alt",
        "Mod"
      ],
      "key": "ArrowUp"
    }
  ],
  "hotkeysplus-obsidian:duplicate-lines-down": [
    {
      "modifiers": [
        "Alt",
        "Mod"
      ],
      "key": "ArrowDown"
    }
  ],
  "hotkeysplus-obsidian:toggle-bullet-number": [],
  "hotkeysplus-obsidian:better-toggle-todo": [
    {
      "modifiers": [
        "Alt",
        "Shift"
      ],
      "key": "T"
    }
  ],
  "editor:follow-link": [],
  "hotkeysplus-obsidian:insert-line-below": [
    {
      "modifiers": [
        "Alt"
      ],
      "key": "Enter"
    }
  ],
  "workspace:undo-close-pane": [
    {
      "modifiers": [
        "Alt",
        "Shift"
      ],
      "key": "S"
    }
  ],
  "workspace:close": [
    {
      "modifiers": [
        "Alt"
      ],
      "key": "S"
    }
  ],
  "file-explorer:new-file": [
    {
      "modifiers": [
        "Alt"
      ],
      "key": "A"
    }
  ],
  "file-explorer:new-file-in-new-pane": [],
  "obsidian-enhancing-mindmap:Create New MindMap": [
    {
      "modifiers": [
        "Alt",
        "Shift"
      ],
      "key": "M"
    }
  ],
  "daily-notes": [
    {
      "modifiers": [
        "Alt",
        "Shift"
      ],
      "key": "O"
    }
  ],
  "url-into-selection:paste-url-into-selection": [
    {
      "modifiers": [
        "Mod"
      ],
      "key": "B"
    }
  ],
  "editor:toggle-bold": [],
  "review-obsidian:future-review": [
    {
      "modifiers": [
        "Alt",
        "Shift"
      ],
      "key": "R"
    }
  ],
  "editor:swap-line-up": [
    {
      "modifiers": [
        "Alt"
      ],
      "key": "ArrowUp"
    }
  ],
  "editor:swap-line-down": [
    {
      "modifiers": [
        "Alt"
      ],
      "key": "ArrowDown"
    }
  ],
  "editor:delete-paragraph": [
    {
      "modifiers": [
        "Alt"
      ],
      "key": "Backspace"
    }
  ],
  "editor:toggle-fold": [
    {
      "modifiers": [
        "Mod"
      ],
      "key": "Enter"
    }
  ],
  "app:open-settings": [
    {
      "modifiers": [
        "Mod"
      ],
      "key": "I"
    }
  ],
  "editor:toggle-italics": [],
  "command-palette:open": [
    {
      "modifiers": [
        "Alt",
        "Mod"
      ],
      "key": "P"
    }
  ],
  "switcher:open": [
    {
      "modifiers": [
        "Mod"
      ],
      "key": "P"
    }
  ],
  "editor:rename-heading": [],
  "app:toggle-left-sidebar": [
    {
      "modifiers": [
        "Alt"
      ],
      "key": "D"
    }
  ],
  "hotkeysplus-obsidian:clean-selected": [
    {
      "modifiers": [
        "Alt",
        "Mod"
      ],
      "key": "Q"
    }
  ],
  "editor:open-search": [
    {
      "modifiers": [
        "Alt"
      ],
      "key": "P"
    }
  ],
  "editor:open-link-in-new-leaf": [],
  "editor:fold-all": [
    {
      "modifiers": [
        "Alt",
        "Mod"
      ],
      "key": "Enter"
    }
  ],
  "editor:open-link-in-new-split": [],
  "global-search:open": [
    {
      "modifiers": [
        "Alt"
      ],
      "key": "E"
    }
  ],
  "workspace:next-tab": [
    {
      "modifiers": [
        "Alt"
      ],
      "key": "X"
    }
  ],
  "workspace:previous-tab": [
    {
      "modifiers": [
        "Alt"
      ],
      "key": "Z"
    }
  ],
  "templater-obsidian:insert-templater": [],
  "file-explorer:move-file": [
    {
      "modifiers": [
        "Mod"
      ],
      "key": "M"
    }
  ],
  "app:go-back": [
    {
      "modifiers": [
        "Alt"
      ],
      "key": "Q"
    }
  ],
  "app:go-forward": [
    {
      "modifiers": [
        "Alt"
      ],
      "key": "W"
    }
  ]
}