{
  "main": {
    "id": "eca41ea3f0b71694",
    "type": "split",
    "children": [
      {
        "id": "2da1d74c3d12070b",
        "type": "tabs",
        "children": [
          {
            "id": "92e58747c7a9a912",
            "type": "leaf",
            "pinned": true,
            "state": {
              "type": "markdown",
              "state": {
                "file": "Welcome.md",
                "mode": "source",
                "source": false
              },
              "pinned": true
            }
          },
          {
            "id": "438bd008bb0203ca",
            "type": "leaf",
            "state": {
              "type": "graph",
              "state": {}
            }
          },
          {
            "id": "a6566effbd8a3087",
            "type": "leaf",
            "state": {
              "type": "markdown",
              "state": {
                "file": "Home.md",
                "mode": "source",
                "source": false
              }
            }
          },
          {
            "id": "d6c8c815f1c6adb6",
            "type": "leaf",
            "pinned": true,
            "state": {
              "type": "markdown",
              "state": {
                "file": "Brain dump.md",
                "mode": "source",
                "source": false
              },
              "pinned": true
            }
          }
        ]
      }
    ],
    "direction": "vertical"
  },
  "left": {
    "id": "3479085455e082ea",
    "type": "split",
    "children": [
      {
        "id": "589fabc79c2c6582",
        "type": "tabs",
        "children": [
          {
            "id": "2e9efaf5078e6bdd",
            "type": "leaf",
            "state": {
              "type": "file-explorer",
              "state": {
                "sortOrder": "alphabetical"
              }
            }
          },
          {
            "id": "21027b2997cfe196",
            "type": "leaf",
            "state": {
              "type": "search",
              "state": {
                "query": "\"\\\"\\\\\"\\\\\"\\\\\"- remember to never have more than 4 items when making lists so you'll remember and organize stuff better\"\"\"\"\"",
                "matchingCase": false,
                "explainSearch": false,
                "collapseAll": false,
                "extraContext": false,
                "sortOrder": "alphabetical"
              }
            }
          },
          {
            "id": "1f3bc55bd9c669d2",
            "type": "leaf",
            "state": {
              "type": "bookmarks",
              "state": {}
            }
          },
          {
            "id": "1dfcd784c940e553",
            "type": "leaf",
            "state": {
              "type": "tag",
              "state": {
                "sortOrder": "frequency",
                "useHierarchy": true
              }
            }
          }
        ]
      }
    ],
    "direction": "horizontal",
    "width": 240.51103591918945
  },
  "right": {
    "id": "4c80f5ce95e6bbaa",
    "type": "split",
    "children": [
      {
        "id": "fbfa03c40e7c5607",
        "type": "tabs",
        "children": [
          {
            "id": "61c51d7e493fdce2",
            "type": "leaf",
            "state": {
              "type": "backlink",
              "state": {
                "file": "Welcome.md",
                "collapseAll": false,
                "extraContext": false,
                "sortOrder": "alphabetical",
                "showSearch": false,
                "searchQuery": "",
                "backlinkCollapsed": false,
                "unlinkedCollapsed": true
              }
            }
          },
          {
            "id": "92e938a14af66e97",
            "type": "leaf",
            "state": {
              "type": "localgraph",
              "state": {
                "file": "Welcome.md",
                "options": {
                  "collapse-filter": true,
                  "search": "",
                  "localJumps": 1,
                  "localBacklinks": true,
                  "localForelinks": true,
                  "localInterlinks": false,
                  "showTags": false,
                  "showAttachments": false,
                  "hideUnresolved": false,
                  "collapse-color-groups": true,
                  "colorGroups": [],
                  "collapse-display": true,
                  "showArrow": false,
                  "textFadeMultiplier": 0,
                  "nodeSizeMultiplier": 1,
                  "lineSizeMultiplier": 1,
                  "collapse-forces": true,
                  "centerStrength": 0.518713248970312,
                  "repelStrength": 10,
                  "linkStrength": 1,
                  "linkDistance": 250,
                  "scale": 1,
                  "close": false
                }
              }
            }
          },
          {
            "id": "406ad1d7c4043038",
            "type": "leaf",
            "state": {
              "type": "outgoing-link",
              "state": {
                "file": "Welcome.md",
                "linksCollapsed": false,
                "unlinkedCollapsed": true
              }
            }
          },
          {
            "id": "b47af1ee9d7d2112",
            "type": "leaf",
            "state": {
              "type": "outline",
              "state": {
                "file": "Welcome.md"
              }
            }
          }
        ],
        "currentTab": 3
      }
    ],
    "direction": "horizontal",
    "width": 277.5
  },
  "left-ribbon": {
    "hiddenItems": {
      "graph:Open graph view": false,
      "templates:Insert template": false,
      "workspaces:Manage workspace layouts": true,
      "obsidian-excalidraw-plugin:Create new drawing": false,
      "switcher:Open quick switcher": true,
      "canvas:Create new canvas": true,
      "command-palette:Open command palette": true,
      "templater-obsidian:Templater": false,
      "periodic-notes:Open today": false
    }
  },
  "active": "92e58747c7a9a912",
  "lastOpenFiles": [
    "Brain dump.md",
    "Welcome.md",
    "Home.md",
    "Revisions/Daily/04-03-2024 W10 .md",
    "Other/Attachments/Pasted image 20240303120220.png",
    "Other/Attachments/Pasted image 20240303120154.png",
    "Revisions/Daily/16-02-2024 W07 .md",
    "Other/Attachments/Pasted image 20240216223425.png",
    "Other/Attachments/Pasted image 20240216214741.png",
    "Other/Attachments/catdrawing22.png",
    "Other/Attachments/Pasted image 20240216232802.png",
    "Other/Attachments/Pasted image 20240217002639.png",
    "Other/Attachments/Pasted image 20240217002702.png",
    "Other/Attachments/Pasted image 20240217003032.png",
    "Other/Attachments/Pasted image 20240224184208.png",
    "Other/Excalidraw/Drawing 16-02-2024.excalidraw.md",
    "Other/Templates/Revisions/Daily rev.md",
    "Other/Templates/Revisions/Montly rev.md",
    "Other/Templates/Revisions/Weekly rev.md",
    "Other/Templates/Revisions/Yearly rev.md",
    "Other/Templates/Books/Book Template 1.md",
    "Other/no-graph/Note I don't want to see in the graph.md",
    "Other/Inbox/Just a test note.md",
    "Other/Inbox/Karuntemiz.md",
    "Revisions/Daily/24-02-2024 W08 .md",
    "Other/no-graph",
    "Other/Inbox/Languages.md",
    "Revisions/Yearly",
    "Revisions/Monthly",
    "Revisions/Weekly",
    "Revisions/Daily",
    "Other/Templates/Revisions",
    "📂Archivio/Excalidraw/Drawing 16-02-2024.excalidraw.md",
    "📂Archivio/Excalidraw",
    "📂Archivio",
    "Untitled.canvas",
    "Revisions",
    "Other/Excalidraw"
  ]
}